1,5915367.462,665982.802,60.009,COR
2,5915374.470,666183.096,70.000,COR
3,5915574.289,666176.104,69.999,COR
4,5915567.283,665975.817,60.002,COR
5,5915368.339,666007.839,61.257,FNC
6,5915568.151,666000.853,61.223,FNC
7,5915369.212,666032.873,62.506,FNC
8,5915569.031,666025.889,62.420,FNC
9,5915370.088,666057.913,63.778,FNC
10,5915569.909,666050.925,63.680,FNC
11,5915370.965,666082.952,65.073,FNC
12,5915570.781,666075.962,64.981,FNC
13,5915371.840,666107.991,66.334,FNC
14,5915571.656,666100.997,66.248,FNC
15,5915372.714,666133.025,67.551,FNC
16,5915572.532,666126.035,67.502,FNC
17,5915373.592,666158.063,68.771,FNC
18,5915573.411,666151.068,68.757,FNC
19,5915392.441,665981.925,59.993,FNC
20,5915399.447,666182.223,70.019,FNC
21,5915417.419,665981.056,60.000,FNC
22,5915424.422,666181.350,70.055,FNC
23,5915442.395,665980.182,59.994,FNC
24,5915449.398,666180.473,70.087,FNC
25,5915467.375,665979.310,59.976,FNC
26,5915474.376,666179.605,70.065,FNC
27,5915492.347,665978.440,59.926,FNC
28,5915499.356,666178.728,70.028,FNC
29,5915517.326,665977.564,59.924,FNC
30,5915524.329,666177.856,69.999,FNC
31,5915542.301,665976.693,59.971,FNC
32,5915549.313,666176.982,69.994,FNC
33,5915419.168,666031.128,62.616,PT
34,5915469.119,666029.382,62.269,PT
35,5915519.071,666027.634,61.240,PT
36,5915420.919,666081.202,66.456,PT
37,5915470.873,666079.459,66.814,PT
38,5915520.823,666077.709,64.779,PT
39,5915422.672,666131.277,68.594,PT
40,5915472.631,666129.529,68.955,PT
41,5915522.578,666127.775,67.623,PT
42,5915430.559,666070.838,65.959,BLD
43,5915431.257,666090.866,67.773,BLD
44,5915456.238,666089.997,68.275,BLD
45,5915455.538,666069.966,66.233,BLD
46,5915512.239,666118.119,67.314,TRE
47,5915493.305,666148.860,68.805,TRE
48,5915468.425,666009.359,61.322,TRE
49,5915509.435,666037.999,61.557,TRE
