Point_ID,Timestamp,Latitude,Longitude,Elevation,Accuracy_H,Accuracy_V,Fix_Type,Code,Epochs,SD_H,SD_V,HDOP,Sats,Corr_Age,Baseline_m,Ellipsoid_H,Antenna_H,Base_ID
001,2026-10-02T18:39:27Z,53.361336990,-6.505619987,60.009,0.012,0.018,RTK_FIXED,COR,5,0.007,0.011,0.8,18,0.2,2.1,115.209,2.000,3335
002,2026-10-02T18:39:38Z,53.361337010,-6.502609430,70.000,0.012,0.018,RTK_FIXED,COR,5,0.005,0.007,0.8,18,0.2,201.7,125.200,2.000,3335
003,2026-10-02T18:39:49Z,53.363133650,-6.502609413,69.999,0.012,0.018,RTK_FIXED,COR,5,0.008,0.007,0.8,18,0.2,282.8,125.199,2.000,3335
004,2026-10-02T18:40:01Z,53.363133640,-6.505619983,60.002,0.012,0.018,RTK_FIXED,COR,5,0.009,0.007,0.8,18,0.2,198.3,115.202,2.000,3335
005,2026-10-02T18:40:13Z,53.361337000,-6.505243663,61.257,0.012,0.018,RTK_FIXED,FNC,5,0.007,0.014,0.8,18,0.2,26.4,116.457,2.000,3335
006,2026-10-02T18:40:24Z,53.363133583,-6.505243667,61.223,0.012,0.018,RTK_FIXED,FNC,5,0.006,0.011,0.8,18,0.2,200.0,116.423,2.000,3335
007,2026-10-02T18:40:36Z,53.361336987,-6.504867390,62.506,0.012,0.018,RTK_FIXED,FNC,5,0.009,0.012,0.8,18,0.2,51.4,117.706,2.000,3335
008,2026-10-02T18:40:48Z,53.363133623,-6.504867337,62.420,0.012,0.018,RTK_FIXED,FNC,5,0.009,0.013,0.8,18,0.2,204.8,117.620,2.000,3335
009,2026-10-02T18:40:59Z,53.361336987,-6.504491017,63.778,0.012,0.018,RTK_FIXED,FNC,5,0.007,0.015,0.8,18,0.0,76.4,118.978,2.000,3335
010,2026-10-02T18:41:10Z,53.363133640,-6.504491013,63.680,0.012,0.018,RTK_FIXED,FNC,5,0.006,0.017,0.8,18,0.0,212.5,118.880,2.000,3335
011,2026-10-02T18:41:22Z,53.361337000,-6.504114670,65.073,0.012,0.018,RTK_FIXED,FNC,5,0.006,0.013,0.8,18,0.0,101.5,120.273,2.000,3335
012,2026-10-02T18:41:34Z,53.363133607,-6.504114673,64.981,0.012,0.018,RTK_FIXED,FNC,5,0.012,0.010,0.8,18,0.0,222.7,120.181,2.000,3335
013,2026-10-02T18:41:45Z,53.361336990,-6.503738317,66.334,0.012,0.018,RTK_FIXED,FNC,5,0.008,0.007,0.8,18,0.0,126.5,121.534,2.000,3335
014,2026-10-02T18:41:56Z,53.363133603,-6.503738373,66.248,0.012,0.018,RTK_FIXED,FNC,5,0.005,0.006,0.8,18,0.0,235.2,121.448,2.000,3335
015,2026-10-02T18:42:08Z,53.361336973,-6.503362037,67.551,0.012,0.018,RTK_FIXED,FNC,5,0.007,0.009,0.8,18,0.0,151.6,122.751,2.000,3335
016,2026-10-02T18:42:20Z,53.363133607,-6.503362017,67.502,0.012,0.018,RTK_FIXED,FNC,5,0.006,0.008,0.8,18,0.0,249.6,122.702,2.000,3335
017,2026-10-02T18:42:31Z,53.361336993,-6.502985697,68.771,0.012,0.018,RTK_FIXED,FNC,5,0.005,0.012,0.8,18,0.0,176.6,123.971,2.000,3335
018,2026-10-02T18:42:43Z,53.363133633,-6.502985730,68.757,0.012,0.018,RTK_FIXED,FNC,5,0.009,0.010,0.8,18,0.0,265.5,123.957,2.000,3335
019,2026-10-02T18:42:55Z,53.361561580,-6.505620037,59.993,0.012,0.018,RTK_FIXED,FNC,5,0.004,0.009,0.8,18,0.0,23.3,115.193,2.000,3335
020,2026-10-02T18:43:06Z,53.361561583,-6.502609407,70.019,0.012,0.018,RTK_FIXED,FNC,5,0.009,0.007,0.8,18,0.3,203.0,125.219,2.000,3335
021,2026-10-02T18:43:17Z,53.361786170,-6.505619977,60.000,0.012,0.018,RTK_FIXED,FNC,5,0.007,0.014,0.8,18,0.0,48.3,115.200,2.000,3335
022,2026-10-02T18:43:29Z,53.361786143,-6.502609397,70.055,0.012,0.018,RTK_FIXED,FNC,5,0.008,0.005,0.8,18,0.0,207.4,125.255,2.000,3335
023,2026-10-02T18:43:41Z,53.362010733,-6.505619990,59.994,0.012,0.018,RTK_FIXED,FNC,5,0.010,0.009,0.8,18,0.0,73.3,115.194,2.000,3335
024,2026-10-02T18:43:52Z,53.362010713,-6.502609443,70.087,0.012,0.018,RTK_FIXED,FNC,5,0.007,0.011,0.8,18,0.0,214.6,125.287,2.000,3335
025,2026-10-02T18:44:04Z,53.362235337,-6.505619983,59.976,0.012,0.018,RTK_FIXED,FNC,5,0.007,0.011,0.8,18,0.0,98.3,115.176,2.000,3335
026,2026-10-02T18:44:16Z,53.362235293,-6.502609353,70.065,0.012,0.018,RTK_FIXED,FNC,5,0.006,0.013,0.8,18,0.0,224.3,125.265,2.000,3335
027,2026-10-02T18:44:27Z,53.362459867,-6.505619940,59.926,0.012,0.018,RTK_FIXED,FNC,5,0.005,0.009,0.8,18,0.0,123.3,115.126,2.000,3335
028,2026-10-02T18:44:38Z,53.362459900,-6.502609390,70.028,0.012,0.018,RTK_FIXED,FNC,5,0.007,0.017,0.8,18,0.2,236.4,125.228,2.000,3335
029,2026-10-02T18:44:50Z,53.362684460,-6.505619977,59.924,0.012,0.018,RTK_FIXED,FNC,5,0.007,0.006,0.8,18,0.0,148.3,115.124,2.000,3335
030,2026-10-02T18:45:02Z,53.362684437,-6.502609357,69.999,0.012,0.018,RTK_FIXED,FNC,5,0.010,0.010,0.8,18,0.0,250.3,125.199,2.000,3335
031,2026-10-02T18:45:13Z,53.362909023,-6.505619943,59.971,0.012,0.018,RTK_FIXED,FNC,5,0.009,0.006,0.8,18,0.0,173.2,115.171,2.000,3335
032,2026-10-02T18:45:25Z,53.362909083,-6.502609353,69.994,0.012,0.018,RTK_FIXED,FNC,5,0.007,0.016,0.8,18,0.0,265.9,125.194,2.000,3335
033,2026-10-02T18:45:37Z,53.361786150,-6.504867353,62.616,0.012,0.018,RTK_FIXED,PT,5,0.007,0.009,0.8,18,0.0,70.5,117.816,2.000,3335
034,2026-10-02T18:45:48Z,53.362235283,-6.504867353,62.269,0.012,0.018,RTK_FIXED,PT,5,0.010,0.005,0.8,18,0.0,110.9,117.469,2.000,3335
035,2026-10-02T18:45:59Z,53.362684413,-6.504867370,61.240,0.012,0.018,RTK_FIXED,PT,5,0.006,0.005,0.8,18,0.0,156.9,116.440,2.000,3335
036,2026-10-02T18:46:11Z,53.361786150,-6.504114713,66.456,0.012,0.018,RTK_FIXED,PT,5,0.005,0.012,0.8,18,0.0,112.4,121.656,2.000,3335
037,2026-10-02T18:46:23Z,53.362235300,-6.504114647,66.814,0.012,0.018,RTK_FIXED,PT,5,0.010,0.008,0.8,18,0.0,141.2,122.014,2.000,3335
038,2026-10-02T18:46:34Z,53.362684423,-6.504114690,64.779,0.012,0.018,RTK_FIXED,PT,5,0.006,0.009,0.8,18,0.0,179.6,119.979,2.000,3335
039,2026-10-02T18:46:46Z,53.361786163,-6.503362033,68.594,0.012,0.018,RTK_FIXED,PT,5,0.004,0.005,0.8,18,0.0,159.1,123.794,2.000,3335
040,2026-10-02T18:46:58Z,53.362235357,-6.503362040,68.955,0.012,0.018,RTK_FIXED,PT,5,0.012,0.010,0.8,18,0.0,180.6,124.155,2.000,3335
041,2026-10-02T18:47:09Z,53.362684453,-6.503362130,67.623,0.012,0.018,RTK_FIXED,PT,5,0.008,0.007,0.8,18,0.0,212.0,122.823,2.000,3335
042,2026-10-02T18:47:20Z,53.361875980,-6.504265233,65.959,0.012,0.018,RTK_FIXED,BLD,5,0.009,0.009,0.8,18,0.0,108.4,121.159,2.000,3335
043,2026-10-02T18:47:32Z,53.361875957,-6.503964193,67.773,0.012,0.018,RTK_FIXED,BLD,5,0.006,0.009,0.8,18,0.0,125.8,122.973,2.000,3335
044,2026-10-02T18:47:44Z,53.362100567,-6.503964130,68.275,0.012,0.018,RTK_FIXED,BLD,5,0.008,0.011,0.8,18,0.0,139.2,123.475,2.000,3335
045,2026-10-02T18:47:55Z,53.362100567,-6.504265210,66.233,0.013,0.018,RTK_FIXED,BLD,5,0.013,0.009,0.8,18,0.0,123.7,121.433,2.000,3335
046,2026-10-02T18:48:07Z,53.362594637,-6.503512523,67.314,0.012,0.018,RTK_FIXED,TRE,5,0.007,0.016,0.8,18,0.0,197.9,122.514,2.000,3335
047,2026-10-02T18:48:19Z,53.362414947,-6.503060973,68.805,0.012,0.018,RTK_FIXED,TRE,5,0.010,0.008,0.8,18,0.0,208.4,124.005,2.000,3335
048,2026-10-02T18:48:30Z,53.362235333,-6.505168307,61.322,0.012,0.018,RTK_FIXED,TRE,5,0.007,0.005,0.8,18,0.0,103.1,116.522,2.000,3335
049,2026-10-02T18:48:41Z,53.362594627,-6.504716827,61.557,0.012,0.018,RTK_FIXED,TRE,5,0.009,0.009,0.8,18,0.0,151.3,116.757,2.000,3335
